text,label,language,source_dataset,routing_method
i will demolish you if you don't fix this immediately,threat,en,augment_template,synthetic_llm
you'll regret running your mouth when i making you pay,threat,en,augment_template,synthetic_llm
you have tonight to call me or i'm making your life hell,threat,en,augment_template,synthetic_llm
you'll regret disrespecting me when i telling everyone,threat,en,augment_template,synthetic_llm
you have 24 hours to apologize publicly or i'm contacting your family,threat,en,augment_template,synthetic_llm
test me again and i'll break you,threat,en,augment_template,synthetic_llm
i will bury you if you show your face here,threat,en,augment_template,synthetic_llm
one more lying to me and you're getting knocked out,threat,en,augment_template,synthetic_llm
test me again and i'll punish you,threat,en,augment_template,synthetic_llm
you'll regret disrespecting me when i making your life hell,threat,en,augment_template,synthetic_llm
i will hurt everything you love,threat,en,augment_template,synthetic_llm
i will annihilate you if you don't fix this immediately,threat,en,augment_template,synthetic_llm
you have tonight to return what you took or i'm going to your house,threat,en,augment_template,synthetic_llm
one more lying to me and you're getting buried,threat,en,augment_template,synthetic_llm
one more posting about me and you're getting finished,threat,en,augment_template,synthetic_llm
you have until midnight to take it down or i'm showing up at your door,threat,en,augment_template,synthetic_llm
don't make me posting about me — you won't like the result,threat,en,augment_template,synthetic_llm
i will end you if you keep talking,threat,en,augment_template,synthetic_llm
you have 24 hours to pay me back or i'm telling everyone,threat,en,augment_template,synthetic_llm
i will beat you if you don't stop,threat,en,augment_template,synthetic_llm
i will make you regret you if you keep disrespecting me,threat,en,augment_template,synthetic_llm
i will demolish you if you come near me again,threat,en,augment_template,synthetic_llm
you have the end of the day to apologize publicly or i'm sending everything I have,threat,en,augment_template,synthetic_llm
i will demolish everything you love,threat,en,augment_template,synthetic_llm
you have the end of the day to apologize publicly or i'm coming for you,threat,en,augment_template,synthetic_llm
i'm going to hurt you and there's nothing you can do about it,threat,en,augment_template,synthetic_llm
you'll regret pushing my buttons when i making you pay,threat,en,augment_template,synthetic_llm
i'm going to annihilate you and there's nothing you can do about it,threat,en,augment_template,synthetic_llm
you'll regret lying to me when i making you pay,threat,en,augment_template,synthetic_llm
one more talking about my family and you're getting destroyed,threat,en,augment_template,synthetic_llm
you have 5 minutes to leave town or i'm making you pay,threat,en,augment_template,synthetic_llm
i know where you eat lunch — act accordingly,threat,en,augment_template,synthetic_llm
you have 5 minutes to apologize publicly or i'm coming for you,threat,en,augment_template,synthetic_llm
i know where you work out — think carefully,threat,en,augment_template,synthetic_llm
i know where you park your car — think carefully,threat,en,augment_template,synthetic_llm
one more posting about me and you're getting destroyed,threat,en,augment_template,synthetic_llm
i will finish you if you show your face here,threat,en,augment_template,synthetic_llm
you have until midnight to apologize publicly or i'm coming for you,threat,en,augment_template,synthetic_llm
you have 5 minutes to return what you took or i'm telling everyone,threat,en,augment_template,synthetic_llm
you'll regret posting about me when i contacting your family,threat,en,augment_template,synthetic_llm
you have an hour to call me or i'm making you pay,threat,en,augment_template,synthetic_llm
you have 24 hours to leave town or i'm contacting your family,threat,en,augment_template,synthetic_llm
i'm going to finish you and there's nothing you can do about it,threat,en,augment_template,synthetic_llm
i know where you hang out — I'd reconsider if I were you,threat,en,augment_template,synthetic_llm
you'll regret talking about my family when i contacting your family,threat,en,augment_template,synthetic_llm
you'll regret disrespecting me when i coming for you,threat,en,augment_template,synthetic_llm
one more coming near my people and you're getting taken care of,threat,en,augment_template,synthetic_llm
one more talking about my family and you're getting taken care of,threat,en,augment_template,synthetic_llm
you have an hour to leave town or i'm going to your house,threat,en,augment_template,synthetic_llm
i know where you go to school — act accordingly,threat,en,augment_template,synthetic_llm
you have 5 minutes to pay me back or i'm sending everything I have,threat,en,augment_template,synthetic_llm
one more pushing my buttons and you're getting destroyed,threat,en,augment_template,synthetic_llm
i will end you if you lie to me again,threat,en,augment_template,synthetic_llm
i will beat you if you lie to me again,threat,en,augment_template,synthetic_llm
one more disrespecting me and you're getting destroyed,threat,en,augment_template,synthetic_llm
i know where you work out — act accordingly,threat,en,augment_template,synthetic_llm
you have the end of the day to call me or i'm sending everything I have,threat,en,augment_template,synthetic_llm
you have the end of the day to take it down or i'm coming for you,threat,en,augment_template,synthetic_llm
you'll regret showing up uninvited when i coming for you,threat,en,augment_template,synthetic_llm
you'll regret blocking me when i coming for you,threat,en,augment_template,synthetic_llm
you have an hour to call me or i'm making your life hell,threat,en,augment_template,synthetic_llm
you have 5 minutes to leave town or i'm showing up at your door,threat,en,augment_template,synthetic_llm
i'm going to punish you and there's nothing you can do about it,threat,en,augment_template,synthetic_llm
one more ignoring me and you're getting sorted out the hard way,threat,en,augment_template,synthetic_llm
you have 5 minutes to pay me back or i'm going to your house,threat,en,augment_template,synthetic_llm
i will bury you if you keep posting about me,threat,en,augment_template,synthetic_llm
i will demolish you if you lie to me again,threat,en,augment_template,synthetic_llm
you have the end of the day to return what you took or i'm making you pay,threat,en,augment_template,synthetic_llm
i'm going to bury you and there's nothing you can do about it,threat,en,augment_template,synthetic_llm
you'll regret posting about me when i making you pay,threat,en,augment_template,synthetic_llm
i know where you work — you've been warned,threat,en,augment_template,synthetic_llm
you have 24 hours to delete your account or i'm going to your house,threat,en,augment_template,synthetic_llm
i will finish you if you ignore me one more time,threat,en,augment_template,synthetic_llm
i will demolish you if you keep disrespecting me,threat,en,augment_template,synthetic_llm
i will demolish you if you don't stop,threat,en,augment_template,synthetic_llm
you'll regret lying to me when i contacting your family,threat,en,augment_template,synthetic_llm
i will beat you if you ignore me one more time,threat,en,augment_template,synthetic_llm
i will make you regret you if you don't pay me back,threat,en,augment_template,synthetic_llm
i will hurt you if you keep posting about me,threat,en,augment_template,synthetic_llm
you have until midnight to leave town or i'm contacting your family,threat,en,augment_template,synthetic_llm
don't make me showing up uninvited — you won't like the result,threat,en,augment_template,synthetic_llm
one more pushing my buttons and you're getting dealt with,threat,en,augment_template,synthetic_llm
i will annihilate you if you show your face here,threat,en,augment_template,synthetic_llm
you'll regret coming near my people when i going to your house,threat,en,augment_template,synthetic_llm
you have tonight to delete your account or i'm telling everyone,threat,en,augment_template,synthetic_llm
you'll regret pushing my buttons when i sending everything I have,threat,en,augment_template,synthetic_llm
you'll regret coming near my people when i coming for you,threat,en,augment_template,synthetic_llm
you have the end of the day to take it down or i'm telling everyone,threat,en,augment_template,synthetic_llm
i know where you hang out — think carefully,threat,en,augment_template,synthetic_llm
i will end you if you don't stop,threat,en,augment_template,synthetic_llm
i will end you if you don't take that down,threat,en,augment_template,synthetic_llm
you have 5 minutes to apologize publicly or i'm telling everyone,threat,en,augment_template,synthetic_llm
one more ignoring me and you're getting knocked out,threat,en,augment_template,synthetic_llm
i will break everything you love,threat,en,augment_template,synthetic_llm
you have tonight to leave town or i'm telling everyone,threat,en,augment_template,synthetic_llm
test me again and i'll erase you,threat,en,augment_template,synthetic_llm
i will end you if you don't pay me back,threat,en,augment_template,synthetic_llm
don't make me talking about my family — you won't like the result,threat,en,augment_template,synthetic_llm
you have until morning to delete your account or i'm contacting your family,threat,en,augment_template,synthetic_llm
don't make me running your mouth — you won't like the result,threat,en,augment_template,synthetic_llm
one more pushing my buttons and you're getting finished,threat,en,augment_template,synthetic_llm
i will eliminate everything you love,threat,en,augment_template,synthetic_llm
you have until morning to call me or i'm sending everything I have,threat,en,augment_template,synthetic_llm
you have 5 minutes to apologize publicly or i'm making you pay,threat,en,augment_template,synthetic_llm
i will demolish you if you keep posting about me,threat,en,augment_template,synthetic_llm
you'll regret ignoring me when i showing up at your door,threat,en,augment_template,synthetic_llm
you have 24 hours to take it down or i'm showing up at your door,threat,en,augment_template,synthetic_llm
you have until midnight to call me or i'm contacting your family,threat,en,augment_template,synthetic_llm
you have until morning to take it down or i'm contacting your family,threat,en,augment_template,synthetic_llm
i know where you live — be smart,threat,en,augment_template,synthetic_llm
i'm going to wreck you and there's nothing you can do about it,threat,en,augment_template,synthetic_llm
you'll regret disrespecting me when i contacting your family,threat,en,augment_template,synthetic_llm
you'll regret showing up uninvited when i making you pay,threat,en,augment_template,synthetic_llm
test me again and i'll make you regret you,threat,en,augment_template,synthetic_llm
i know where you work — be smart,threat,en,augment_template,synthetic_llm
one more running your mouth and you're getting sorted out the hard way,threat,en,augment_template,synthetic_llm
one more showing up uninvited and you're getting put in the hospital,threat,en,augment_template,synthetic_llm
i will ruin you if you ignore me one more time,threat,en,augment_template,synthetic_llm
you have 24 hours to call me or i'm sending everything I have,threat,en,augment_template,synthetic_llm
you'll regret ignoring me when i making you pay,threat,en,augment_template,synthetic_llm
i will ruin everything you love,threat,en,augment_template,synthetic_llm
you'll regret coming near my people when i showing up at your door,threat,en,augment_template,synthetic_llm
you'll regret talking about my family when i sending everything I have,threat,en,augment_template,synthetic_llm
you have an hour to apologize publicly or i'm sending everything I have,threat,en,augment_template,synthetic_llm
i know where you work out — you've been warned,threat,en,augment_template,synthetic_llm
i know where you live — you've been warned,threat,en,augment_template,synthetic_llm
i will wreck you if you ignore me one more time,threat,en,augment_template,synthetic_llm
you'll regret talking about my family when i telling everyone,threat,en,augment_template,synthetic_llm
i will break you if you don't pay me back,threat,en,augment_template,synthetic_llm
one more showing up uninvited and you're getting taken care of,threat,en,augment_template,synthetic_llm
you have until midnight to leave town or i'm showing up at your door,threat,en,augment_template,synthetic_llm
you have 24 hours to leave town or i'm making your life hell,threat,en,augment_template,synthetic_llm
you have tonight to take it down or i'm telling everyone,threat,en,augment_template,synthetic_llm
i'm going to eliminate you and there's nothing you can do about it,threat,en,augment_template,synthetic_llm
one more lying to me and you're getting put in the hospital,threat,en,augment_template,synthetic_llm
you have tonight to return what you took or i'm contacting your family,threat,en,augment_template,synthetic_llm
you have 5 minutes to leave town or i'm going to your house,threat,en,augment_template,synthetic_llm
test me again and i'll obliterate you,threat,en,augment_template,synthetic_llm
i know where you park your car — I'd reconsider if I were you,threat,en,augment_template,synthetic_llm
you have until midnight to pay me back or i'm going to your house,threat,en,augment_template,synthetic_llm
you have 24 hours to call me or i'm showing up at your door,threat,en,augment_template,synthetic_llm
you have an hour to apologize publicly or i'm making you pay,threat,en,augment_template,synthetic_llm
one more running your mouth and you're getting ended,threat,en,augment_template,synthetic_llm
i will finish everything you love,threat,en,augment_template,synthetic_llm
i know where you live — choose wisely,threat,en,augment_template,synthetic_llm
keep talking about my family and see what happens to you,threat,en,augment_template,synthetic_llm
i will make you regret you if you ignore me one more time,threat,en,augment_template,synthetic_llm
you have until morning to leave town or i'm sending everything I have,threat,en,augment_template,synthetic_llm
i will annihilate you if you come near me again,threat,en,augment_template,synthetic_llm
you have an hour to return what you took or i'm making your life hell,threat,en,augment_template,synthetic_llm
you have 5 minutes to call me or i'm making you pay,threat,en,augment_template,synthetic_llm
one more posting about me and you're getting taken care of,threat,en,augment_template,synthetic_llm
i will obliterate you if you come near me again,threat,en,augment_template,synthetic_llm
you have an hour to return what you took or i'm telling everyone,threat,en,augment_template,synthetic_llm
you have until midnight to pay me back or i'm telling everyone,threat,en,augment_template,synthetic_llm
you have 5 minutes to take it down or i'm coming for you,threat,en,augment_template,synthetic_llm
you'll regret posting about me when i going to your house,threat,en,augment_template,synthetic_llm
i will break you if you don't fix this immediately,threat,en,augment_template,synthetic_llm
you have tonight to call me or i'm telling everyone,threat,en,augment_template,synthetic_llm
you have 5 minutes to pay me back or i'm showing up at your door,threat,en,augment_template,synthetic_llm
you have until morning to apologize publicly or i'm telling everyone,threat,en,augment_template,synthetic_llm
i'm going to make you regret you and there's nothing you can do about it,threat,en,augment_template,synthetic_llm
don't make me disrespecting me — you won't like the result,threat,en,augment_template,synthetic_llm
you have until morning to leave town or i'm showing up at your door,threat,en,augment_template,synthetic_llm
you have until midnight to call me or i'm showing up at your door,threat,en,augment_template,synthetic_llm
i will bury you if you keep disrespecting me,threat,en,augment_template,synthetic_llm
you have an hour to take it down or i'm coming for you,threat,en,augment_template,synthetic_llm
i will punish you if you don't stop,threat,en,augment_template,synthetic_llm
you'll regret ignoring me when i contacting your family,threat,en,augment_template,synthetic_llm
one more blocking me and you're getting finished,threat,en,augment_template,synthetic_llm
i will obliterate everything you love,threat,en,augment_template,synthetic_llm
one more ignoring me and you're getting buried,threat,en,augment_template,synthetic_llm
test me again and i'll beat you,threat,en,augment_template,synthetic_llm
test me again and i'll end you,threat,en,augment_template,synthetic_llm
you'll regret ignoring me when i sending everything I have,threat,en,augment_template,synthetic_llm
you have until morning to delete your account or i'm telling everyone,threat,en,augment_template,synthetic_llm
you'll regret posting about me when i making your life hell,threat,en,augment_template,synthetic_llm
you have tonight to pay me back or i'm telling everyone,threat,en,augment_template,synthetic_llm
i will make you regret you if you don't stop,threat,en,augment_template,synthetic_llm
you'll regret showing up uninvited when i making your life hell,threat,en,augment_template,synthetic_llm
you have tonight to call me or i'm coming for you,threat,en,augment_template,synthetic_llm
i will wreck you if you come near me again,threat,en,augment_template,synthetic_llm
you have until midnight to pay me back or i'm making your life hell,threat,en,augment_template,synthetic_llm
i will make you regret you if you keep posting about me,threat,en,augment_template,synthetic_llm
you have an hour to leave town or i'm telling everyone,threat,en,augment_template,synthetic_llm
i will annihilate you if you don't stop,threat,en,augment_template,synthetic_llm
i will wreck you if you don't pay me back,threat,en,augment_template,synthetic_llm
i will eliminate you if you lie to me again,threat,en,augment_template,synthetic_llm
you have 24 hours to pay me back or i'm sending everything I have,threat,en,augment_template,synthetic_llm
one more running your mouth and you're getting knocked out,threat,en,augment_template,synthetic_llm
one more posting about me and you're getting buried,threat,en,augment_template,synthetic_llm
i will obliterate you if you lie to me again,threat,en,augment_template,synthetic_llm
i know where you eat lunch — I'd reconsider if I were you,threat,en,augment_template,synthetic_llm
you'll regret lying to me when i making your life hell,threat,en,augment_template,synthetic_llm
you have an hour to pay me back or i'm making your life hell,threat,en,augment_template,synthetic_llm
one more coming near my people and you're getting finished,threat,en,augment_template,synthetic_llm
you'll regret ignoring me when i making your life hell,threat,en,augment_template,synthetic_llm
you have until midnight to delete your account or i'm telling everyone,threat,en,augment_template,synthetic_llm
one more posting about me and you're getting ended,threat,en,augment_template,synthetic_llm
you'll regret ignoring me when i going to your house,threat,en,augment_template,synthetic_llm
i will ruin you if you keep talking,threat,en,augment_template,synthetic_llm
i know where you hang out — choose wisely,threat,en,augment_template,synthetic_llm
i will punish you if you come near me again,threat,en,augment_template,synthetic_llm
i will finish you if you don't pay me back,threat,en,augment_template,synthetic_llm
you'll regret coming near my people when i telling everyone,threat,en,augment_template,synthetic_llm
you have the end of the day to return what you took or i'm contacting your family,threat,en,augment_template,synthetic_llm
i will destroy everything you love,threat,en,augment_template,synthetic_llm
you have the end of the day to leave town or i'm coming for you,threat,en,augment_template,synthetic_llm
one more coming near my people and you're getting put in the hospital,threat,en,augment_template,synthetic_llm
you have until morning to return what you took or i'm telling everyone,threat,en,augment_template,synthetic_llm
i will annihilate you if you keep disrespecting me,threat,en,augment_template,synthetic_llm
you have 5 minutes to leave town or i'm contacting your family,threat,en,augment_template,synthetic_llm
i'm going to demolish you and there's nothing you can do about it,threat,en,augment_template,synthetic_llm
you have until midnight to leave town or i'm telling everyone,threat,en,augment_template,synthetic_llm
i know where you work — think carefully,threat,en,augment_template,synthetic_llm
you have tonight to leave town or i'm contacting your family,threat,en,augment_template,synthetic_llm
i know where you eat lunch — you've been warned,threat,en,augment_template,synthetic_llm
one more pushing my buttons and you're getting buried,threat,en,augment_template,synthetic_llm
you'll regret talking about my family when i making your life hell,threat,en,augment_template,synthetic_llm
one more pushing my buttons and you're getting put in the hospital,threat,en,augment_template,synthetic_llm
you have until midnight to pay me back or i'm sending everything I have,threat,en,augment_template,synthetic_llm
i know where you work out — choose wisely,threat,en,augment_template,synthetic_llm
you have tonight to delete your account or i'm contacting your family,threat,en,augment_template,synthetic_llm
i will bury everything you love,threat,en,augment_template,synthetic_llm
you have tonight to apologize publicly or i'm making your life hell,threat,en,augment_template,synthetic_llm
keep disrespecting me and see what happens to you,threat,en,augment_template,synthetic_llm
you'll regret running your mouth when i sending everything I have,threat,en,augment_template,synthetic_llm
you'll regret lying to me when i going to your house,threat,en,augment_template,synthetic_llm
you have until morning to pay me back or i'm making your life hell,threat,en,augment_template,synthetic_llm
i know where you work — choose wisely,threat,en,augment_template,synthetic_llm
you'll regret blocking me when i sending everything I have,threat,en,augment_template,synthetic_llm
keep posting about me and see what happens to you,threat,en,augment_template,synthetic_llm
i will make you regret you if you don't take that down,threat,en,augment_template,synthetic_llm
you'll regret blocking me when i making you pay,threat,en,augment_template,synthetic_llm
you have 24 hours to call me or i'm making your life hell,threat,en,augment_template,synthetic_llm
i know where you eat lunch — choose wisely,threat,en,augment_template,synthetic_llm
you'll regret running your mouth when i contacting your family,threat,en,augment_template,synthetic_llm
you'll regret disrespecting me when i going to your house,threat,en,augment_template,synthetic_llm
one more talking about my family and you're getting buried,threat,en,augment_template,synthetic_llm
i will annihilate you if you don't take that down,threat,en,augment_template,synthetic_llm
you'll regret blocking me when i contacting your family,threat,en,augment_template,synthetic_llm
you have 24 hours to delete your account or i'm making you pay,threat,en,augment_template,synthetic_llm
you have until morning to delete your account or i'm sending everything I have,threat,en,augment_template,synthetic_llm
one more coming near my people and you're getting destroyed,threat,en,augment_template,synthetic_llm
i will beat you if you keep talking,threat,en,augment_template,synthetic_llm
you have tonight to apologize publicly or i'm going to your house,threat,en,augment_template,synthetic_llm
i will destroy you if you don't fix this immediately,threat,en,augment_template,synthetic_llm
i will end you if you keep disrespecting me,threat,en,augment_template,synthetic_llm
you have until midnight to return what you took or i'm going to your house,threat,en,augment_template,synthetic_llm
i know where you hang out — be smart,threat,en,augment_template,synthetic_llm
you have tonight to pay me back or i'm making you pay,threat,en,augment_template,synthetic_llm
i will obliterate you if you keep talking,threat,en,augment_template,synthetic_llm
one more talking about my family and you're getting sorted out the hard way,threat,en,augment_template,synthetic_llm
you have the end of the day to leave town or i'm telling everyone,threat,en,augment_template,synthetic_llm
you have 24 hours to take it down or i'm sending everything I have,threat,en,augment_template,synthetic_llm
you have 24 hours to apologize publicly or i'm going to your house,threat,en,augment_template,synthetic_llm
you have the end of the day to leave town or i'm making your life hell,threat,en,augment_template,synthetic_llm
i know where you go to school — you've been warned,threat,en,augment_template,synthetic_llm
i will end everything you love,threat,en,augment_template,synthetic_llm
i'm going to break you and there's nothing you can do about it,threat,en,augment_template,synthetic_llm
i will eliminate you if you keep posting about me,threat,en,augment_template,synthetic_llm
i will eliminate you if you show your face here,threat,en,augment_template,synthetic_llm
test me again and i'll hurt you,threat,en,augment_template,synthetic_llm
i will punish you if you don't fix this immediately,threat,en,augment_template,synthetic_llm
you have the end of the day to apologize publicly or i'm contacting your family,threat,en,augment_template,synthetic_llm
test me again and i'll annihilate you,threat,en,augment_template,synthetic_llm
you'll regret running your mouth when i coming for you,threat,en,augment_template,synthetic_llm
you'll regret pushing my buttons when i going to your house,threat,en,augment_template,synthetic_llm
one more posting about me and you're getting knocked out,threat,en,augment_template,synthetic_llm
i'm going to obliterate you and there's nothing you can do about it,threat,en,augment_template,synthetic_llm
you have the end of the day to return what you took or i'm coming for you,threat,en,augment_template,synthetic_llm
you'll regret blocking me when i showing up at your door,threat,en,augment_template,synthetic_llm
one more pushing my buttons and you're getting taken care of,threat,en,augment_template,synthetic_llm
i will erase you if you lie to me again,threat,en,augment_template,synthetic_llm
you'll regret pushing my buttons when i making your life hell,threat,en,augment_template,synthetic_llm
you have 5 minutes to return what you took or i'm sending everything I have,threat,en,augment_template,synthetic_llm
i will bury you if you don't take that down,threat,en,augment_template,synthetic_llm
you have 5 minutes to call me or i'm sending everything I have,threat,en,augment_template,synthetic_llm
i will finish you if you keep talking,threat,en,augment_template,synthetic_llm
one more lying to me and you're getting ended,threat,en,augment_template,synthetic_llm
you'll regret showing up uninvited when i telling everyone,threat,en,augment_template,synthetic_llm
one more pushing my buttons and you're getting sorted out the hard way,threat,en,augment_template,synthetic_llm
you have an hour to pay me back or i'm telling everyone,threat,en,augment_template,synthetic_llm
you have 5 minutes to apologize publicly or i'm showing up at your door,threat,en,augment_template,synthetic_llm
i will destroy you if you lie to me again,threat,en,augment_template,synthetic_llm
you'll regret disrespecting me when i sending everything I have,threat,en,augment_template,synthetic_llm
i will obliterate you if you show your face here,threat,en,augment_template,synthetic_llm
i will wreck you if you don't stop,threat,en,augment_template,synthetic_llm
i will wreck you if you lie to me again,threat,en,augment_template,synthetic_llm
i will make you regret you if you show your face here,threat,en,augment_template,synthetic_llm
you'll regret posting about me when i coming for you,threat,en,augment_template,synthetic_llm
i will wreck everything you love,threat,en,augment_template,synthetic_llm
i will bury you if you don't stop,threat,en,augment_template,synthetic_llm
one more showing up uninvited and you're getting finished,threat,en,augment_template,synthetic_llm
one more disrespecting me and you're getting put in the hospital,threat,en,augment_template,synthetic_llm
you have tonight to leave town or i'm going to your house,threat,en,augment_template,synthetic_llm
one more running your mouth and you're getting dealt with,threat,en,augment_template,synthetic_llm
you have the end of the day to take it down or i'm making your life hell,threat,en,augment_template,synthetic_llm
you have tonight to call me or i'm showing up at your door,threat,en,augment_template,synthetic_llm
one more showing up uninvited and you're getting knocked out,threat,en,augment_template,synthetic_llm
i will end you if you show your face here,threat,en,augment_template,synthetic_llm
i know where you work out — I'd reconsider if I were you,threat,en,augment_template,synthetic_llm
one more disrespecting me and you're getting buried,threat,en,augment_template,synthetic_llm
i will hurt you if you don't fix this immediately,threat,en,augment_template,synthetic_llm
i will ruin you if you don't fix this immediately,threat,en,augment_template,synthetic_llm
you have tonight to return what you took or i'm coming for you,threat,en,augment_template,synthetic_llm
don't make me lying to me — you won't like the result,threat,en,augment_template,synthetic_llm
you'll regret posting about me when i sending everything I have,threat,en,augment_template,synthetic_llm
you'll regret lying to me when i telling everyone,threat,en,augment_template,synthetic_llm
you have 5 minutes to return what you took or i'm making your life hell,threat,en,augment_template,synthetic_llm
you'll regret pushing my buttons when i coming for you,threat,en,augment_template,synthetic_llm
you have 5 minutes to pay me back or i'm making you pay,threat,en,augment_template,synthetic_llm
you'll regret lying to me when i sending everything I have,threat,en,augment_template,synthetic_llm
you'll regret running your mouth when i telling everyone,threat,en,augment_template,synthetic_llm
you have the end of the day to call me or i'm going to your house,threat,en,augment_template,synthetic_llm
you have the end of the day to take it down or i'm going to your house,threat,en,augment_template,synthetic_llm
i know where you go to school — choose wisely,threat,en,augment_template,synthetic_llm
you'll regret lying to me when i showing up at your door,threat,en,augment_template,synthetic_llm
test me again and i'll destroy you,threat,en,augment_template,synthetic_llm
you have an hour to pay me back or i'm making you pay,threat,en,augment_template,synthetic_llm
i will make you regret everything you love,threat,en,augment_template,synthetic_llm
you have 24 hours to take it down or i'm making your life hell,threat,en,augment_template,synthetic_llm
keep pushing my buttons and see what happens to you,threat,en,augment_template,synthetic_llm
one more running your mouth and you're getting finished,threat,en,augment_template,synthetic_llm
you have until morning to apologize publicly or i'm making you pay,threat,en,augment_template,synthetic_llm
one more showing up uninvited and you're getting destroyed,threat,en,augment_template,synthetic_llm
test me again and i'll finish you,threat,en,augment_template,synthetic_llm
one more running your mouth and you're getting buried,threat,en,augment_template,synthetic_llm
you have until midnight to take it down or i'm contacting your family,threat,en,augment_template,synthetic_llm
keep lying to me and see what happens to you,threat,en,augment_template,synthetic_llm
one more running your mouth and you're getting destroyed,threat,en,augment_template,synthetic_llm
i know where you live — think carefully,threat,en,augment_template,synthetic_llm
i know where you hang out — act accordingly,threat,en,augment_template,synthetic_llm
i will hurt you if you don't take that down,threat,en,augment_template,synthetic_llm
i know where you work out — be smart,threat,en,augment_template,synthetic_llm
i will hurt you if you keep disrespecting me,threat,en,augment_template,synthetic_llm
you'll regret running your mouth when i going to your house,threat,en,augment_template,synthetic_llm
you have tonight to pay me back or i'm sending everything I have,threat,en,augment_template,synthetic_llm
you have until midnight to apologize publicly or i'm making your life hell,threat,en,augment_template,synthetic_llm
you have until midnight to apologize publicly or i'm sending everything I have,threat,en,augment_template,synthetic_llm
you have until midnight to take it down or i'm coming for you,threat,en,augment_template,synthetic_llm
one more blocking me and you're getting buried,threat,en,augment_template,synthetic_llm
i'm going to erase you and there's nothing you can do about it,threat,en,augment_template,synthetic_llm
i will demolish you if you show your face here,threat,en,augment_template,synthetic_llm
i know where you eat lunch — think carefully,threat,en,augment_template,synthetic_llm
one more lying to me and you're getting sorted out the hard way,threat,en,augment_template,synthetic_llm
i will erase you if you don't take that down,threat,en,augment_template,synthetic_llm
i will beat you if you show your face here,threat,en,augment_template,synthetic_llm
you have tonight to call me or i'm contacting your family,threat,en,augment_template,synthetic_llm
one more coming near my people and you're getting ended,threat,en,augment_template,synthetic_llm
you have the end of the day to return what you took or i'm showing up at your door,threat,en,augment_template,synthetic_llm
one more pushing my buttons and you're getting knocked out,threat,en,augment_template,synthetic_llm
i will erase you if you keep talking,threat,en,augment_template,synthetic_llm
don't make me pushing my buttons — you won't like the result,threat,en,augment_template,synthetic_llm
you'll regret pushing my buttons when i telling everyone,threat,en,augment_template,synthetic_llm
you have an hour to apologize publicly or i'm contacting your family,threat,en,augment_template,synthetic_llm
one more disrespecting me and you're getting ended,threat,en,augment_template,synthetic_llm
you have the end of the day to delete your account or i'm making your life hell,threat,en,augment_template,synthetic_llm
you have 24 hours to return what you took or i'm telling everyone,threat,en,augment_template,synthetic_llm
i will erase you if you keep posting about me,threat,en,augment_template,synthetic_llm
i will break you if you keep disrespecting me,threat,en,augment_template,synthetic_llm
you have an hour to delete your account or i'm sending everything I have,threat,en,augment_template,synthetic_llm
i will hurt you if you keep talking,threat,en,augment_template,synthetic_llm
you have until morning to leave town or i'm coming for you,threat,en,augment_template,synthetic_llm
one more disrespecting me and you're getting sorted out the hard way,threat,en,augment_template,synthetic_llm
i will destroy you if you keep talking,threat,en,augment_template,synthetic_llm
one more blocking me and you're getting sorted out the hard way,threat,en,augment_template,synthetic_llm
one more lying to me and you're getting taken care of,threat,en,augment_template,synthetic_llm
test me again and i'll wreck you,threat,en,augment_template,synthetic_llm
you'll regret posting about me when i telling everyone,threat,en,augment_template,synthetic_llm
you have until midnight to take it down or i'm making your life hell,threat,en,augment_template,synthetic_llm
you'll regret blocking me when i telling everyone,threat,en,augment_template,synthetic_llm
i will punish everything you love,threat,en,augment_template,synthetic_llm
you'll regret coming near my people when i contacting your family,threat,en,augment_template,synthetic_llm
you have 5 minutes to delete your account or i'm coming for you,threat,en,augment_template,synthetic_llm
i know where you hang out — you've been warned,threat,en,augment_template,synthetic_llm
you have tonight to pay me back or i'm contacting your family,threat,en,augment_template,synthetic_llm
one more ignoring me and you're getting dealt with,threat,en,augment_template,synthetic_llm
one more disrespecting me and you're getting knocked out,threat,en,augment_template,synthetic_llm
you have 24 hours to take it down or i'm coming for you,threat,en,augment_template,synthetic_llm
one more showing up uninvited and you're getting dealt with,threat,en,augment_template,synthetic_llm
i will obliterate you if you don't pay me back,threat,en,augment_template,synthetic_llm
one more showing up uninvited and you're getting ended,threat,en,augment_template,synthetic_llm
you have until morning to return what you took or i'm making your life hell,threat,en,augment_template,synthetic_llm
i will beat you if you don't take that down,threat,en,augment_template,synthetic_llm
i know where you park your car — be smart,threat,en,augment_template,synthetic_llm
test me again and i'll eliminate you,threat,en,augment_template,synthetic_llm
you have an hour to return what you took or i'm making you pay,threat,en,augment_template,synthetic_llm
keep blocking me and see what happens to you,threat,en,augment_template,synthetic_llm
you'll regret running your mouth when i showing up at your door,threat,en,augment_template,synthetic_llm
one more talking about my family and you're getting dealt with,threat,en,augment_template,synthetic_llm
you have until morning to return what you took or i'm contacting your family,threat,en,augment_template,synthetic_llm
i will end you if you ignore me one more time,threat,en,augment_template,synthetic_llm
i know where you go to school — be smart,threat,en,augment_template,synthetic_llm
i'm going to beat you and there's nothing you can do about it,threat,en,augment_template,synthetic_llm
one more running your mouth and you're getting put in the hospital,threat,en,augment_template,synthetic_llm
i know where you live — I'd reconsider if I were you,threat,en,augment_template,synthetic_llm
one more blocking me and you're getting put in the hospital,threat,en,augment_template,synthetic_llm
one more lying to me and you're getting finished,threat,en,augment_template,synthetic_llm
one more disrespecting me and you're getting finished,threat,en,augment_template,synthetic_llm
you have 5 minutes to take it down or i'm showing up at your door,threat,en,augment_template,synthetic_llm
i will ruin you if you don't pay me back,threat,en,augment_template,synthetic_llm
i know where you park your car — act accordingly,threat,en,augment_template,synthetic_llm
i know where you work — I'd reconsider if I were you,threat,en,augment_template,synthetic_llm
one more talking about my family and you're getting ended,threat,en,augment_template,synthetic_llm
one more posting about me and you're getting dealt with,threat,en,augment_template,synthetic_llm
one more posting about me and you're getting sorted out the hard way,threat,en,augment_template,synthetic_llm
keep showing up uninvited and see what happens to you,threat,en,augment_template,synthetic_llm
i will bury you if you come near me again,threat,en,augment_template,synthetic_llm
you have until morning to call me or i'm coming for you,threat,en,augment_template,synthetic_llm
you have the end of the day to return what you took or i'm sending everything I have,threat,en,augment_template,synthetic_llm
you have until midnight to delete your account or i'm making your life hell,threat,en,augment_template,synthetic_llm
one more talking about my family and you're getting put in the hospital,threat,en,augment_template,synthetic_llm
i will destroy you if you don't take that down,threat,en,augment_template,synthetic_llm
i will hurt you if you don't stop,threat,en,augment_template,synthetic_llm
i will erase everything you love,threat,en,augment_template,synthetic_llm
one more pushing my buttons and you're getting ended,threat,en,augment_template,synthetic_llm
one more ignoring me and you're getting taken care of,threat,en,augment_template,synthetic_llm
you have the end of the day to apologize publicly or i'm showing up at your door,threat,en,augment_template,synthetic_llm
one more coming near my people and you're getting buried,threat,en,augment_template,synthetic_llm
i know where you park your car — choose wisely,threat,en,augment_template,synthetic_llm
i will ruin you if you don't take that down,threat,en,augment_template,synthetic_llm
one more lying to me and you're getting dealt with,threat,en,augment_template,synthetic_llm
one more showing up uninvited and you're getting sorted out the hard way,threat,en,augment_template,synthetic_llm
i will ruin you if you keep posting about me,threat,en,augment_template,synthetic_llm
i will finish you if you lie to me again,threat,en,augment_template,synthetic_llm
i know where you go to school — I'd reconsider if I were you,threat,en,augment_template,synthetic_llm
i will demolish you if you keep talking,threat,en,augment_template,synthetic_llm
i know where you live — act accordingly,threat,en,augment_template,synthetic_llm
you have the end of the day to call me or i'm making your life hell,threat,en,augment_template,synthetic_llm
you have 5 minutes to take it down or i'm telling everyone,threat,en,augment_template,synthetic_llm
i will beat everything you love,threat,en,augment_template,synthetic_llm
i will erase you if you don't stop,threat,en,augment_template,synthetic_llm
one more posting about me and you're getting put in the hospital,threat,en,augment_template,synthetic_llm
one more ignoring me and you're getting ended,threat,en,augment_template,synthetic_llm
i will punish you if you don't pay me back,threat,en,augment_template,synthetic_llm
i will annihilate everything you love,threat,en,augment_template,synthetic_llm
one more disrespecting me and you're getting dealt with,threat,en,augment_template,synthetic_llm
you have the end of the day to delete your account or i'm sending everything I have,threat,en,augment_template,synthetic_llm
you have the end of the day to return what you took or i'm making your life hell,threat,en,augment_template,synthetic_llm
you have 24 hours to pay me back or i'm coming for you,threat,en,augment_template,synthetic_llm
i will bury you if you keep talking,threat,en,augment_template,synthetic_llm
don't make me ignoring me — you won't like the result,threat,en,augment_template,synthetic_llm
one more disrespecting me and you're getting taken care of,threat,en,augment_template,synthetic_llm
keep coming near my people and see what happens to you,threat,en,augment_template,synthetic_llm
you have the end of the day to take it down or i'm sending everything I have,threat,en,augment_template,synthetic_llm
i will beat you if you don't pay me back,threat,en,augment_template,synthetic_llm
i know where you park your car — you've been warned,threat,en,augment_template,synthetic_llm
you have until morning to return what you took or i'm showing up at your door,threat,en,augment_template,synthetic_llm
don't make me blocking me — you won't like the result,threat,en,augment_template,synthetic_llm
you'll regret blocking me when i making your life hell,threat,en,augment_template,synthetic_llm
one more blocking me and you're getting ended,threat,en,augment_template,synthetic_llm
i'm going to end you and there's nothing you can do about it,threat,en,augment_template,synthetic_llm
don't make me coming near my people — you won't like the result,threat,en,augment_template,synthetic_llm
you have an hour to apologize publicly or i'm making your life hell,threat,en,augment_template,synthetic_llm
i will beat you if you keep posting about me,threat,en,augment_template,synthetic_llm
keep ignoring me and see what happens to you,threat,en,augment_template,synthetic_llm
you have an hour to return what you took or i'm showing up at your door,threat,en,augment_template,synthetic_llm
you'll regret showing up uninvited when i contacting your family,threat,en,augment_template,synthetic_llm
keep running your mouth and see what happens to you,threat,en,augment_template,synthetic_llm
you'll regret coming near my people when i making your life hell,threat,en,augment_template,synthetic_llm
you have until midnight to take it down or i'm telling everyone,threat,en,augment_template,synthetic_llm
you have 24 hours to return what you took or i'm sending everything I have,threat,en,augment_template,synthetic_llm
i'm going to destroy you and there's nothing you can do about it,threat,en,augment_template,synthetic_llm
i will demolish you if you don't take that down,threat,en,augment_template,synthetic_llm
you have the end of the day to pay me back or i'm coming for you,threat,en,augment_template,synthetic_llm
i will finish you if you don't take that down,threat,en,augment_template,synthetic_llm
i will end you if you don't fix this immediately,threat,en,augment_template,synthetic_llm
i will end you if you keep posting about me,threat,en,augment_template,synthetic_llm
one more ignoring me and you're getting put in the hospital,threat,en,augment_template,synthetic_llm
i will ruin you if you don't stop,threat,en,augment_template,synthetic_llm
one more coming near my people and you're getting knocked out,threat,en,augment_template,synthetic_llm
you have 24 hours to call me or i'm making you pay,threat,en,augment_template,synthetic_llm
i will wreck you if you show your face here,threat,en,augment_template,synthetic_llm
i know where you work — act accordingly,threat,en,augment_template,synthetic_llm
i know where you go to school — think carefully,threat,en,augment_template,synthetic_llm
i know where you eat lunch — be smart,threat,en,augment_template,synthetic_llm
i will ruin you if you show your face here,threat,en,augment_template,synthetic_llm
test me again and i'll ruin you,threat,en,augment_template,synthetic_llm
you'll regret running your mouth when i making your life hell,threat,en,augment_template,synthetic_llm
you have 5 minutes to call me or i'm showing up at your door,threat,en,augment_template,synthetic_llm
test me again and i'll demolish you,threat,en,augment_template,synthetic_llm
you have the end of the day to call me or i'm telling everyone,threat,en,augment_template,synthetic_llm
i will finish you if you keep disrespecting me,threat,en,augment_template,synthetic_llm
test me again and i'll bury you,threat,en,augment_template,synthetic_llm
you have until midnight to leave town or i'm going to your house,threat,en,augment_template,synthetic_llm
you'll regret coming near my people when i sending everything I have,threat,en,augment_template,synthetic_llm
you have tonight to take it down or i'm contacting your family,threat,en,augment_template,synthetic_llm
i will beat you if you don't fix this immediately,threat,en,augment_template,synthetic_llm
you'll regret talking about my family when i going to your house,threat,en,augment_template,synthetic_llm
you have tonight to apologize publicly or i'm telling everyone,threat,en,augment_template,synthetic_llm
you have the end of the day to call me or i'm making you pay,threat,en,augment_template,synthetic_llm
i will finish you if you don't stop,threat,en,augment_template,synthetic_llm
one more coming near my people and you're getting dealt with,threat,en,augment_template,synthetic_llm
i'm going to ruin you and there's nothing you can do about it,threat,en,augment_template,synthetic_llm
i will wreck you if you keep disrespecting me,threat,en,augment_template,synthetic_llm
you have 24 hours to leave town or i'm sending everything I have,threat,en,augment_template,synthetic_llm
you'll regret coming near my people when i making you pay,threat,en,augment_template,synthetic_llm
you have tonight to apologize publicly or i'm coming for you,threat,en,augment_template,synthetic_llm
you'll regret posting about me when i showing up at your door,threat,en,augment_template,synthetic_llm
i will not rest until you regret every single word you said to me,threat,en,augment_direct,synthetic_llm
you have woken up something in me that you do not want awake,threat,en,augment_direct,synthetic_llm
this isn't over — not even close — and you'll feel that soon,threat,en,augment_direct,synthetic_llm
i will find a way to make you pay even if it takes years,threat,en,augment_direct,synthetic_llm
every day you breathe easy is a day i'm planning,threat,en,augment_direct,synthetic_llm
you think you've seen the last of me — that's adorable,threat,en,augment_direct,synthetic_llm
i will get to you eventually and you know I mean that,threat,en,augment_direct,synthetic_llm
everything you've done to me is coming back to you tenfold,threat,en,augment_direct,synthetic_llm
i've been waiting for the right moment — it's getting close,threat,en,augment_direct,synthetic_llm
smile while you can — i'm thorough and i'm patient,threat,en,augment_direct,synthetic_llm
you've made an enemy of the wrong person — that's your mistake to live with,threat,en,augment_direct,synthetic_llm
there is no version of this that ends well for you,threat,en,augment_direct,synthetic_llm
i'll turn everyone you trust against you before i'm done,threat,en,augment_direct,synthetic_llm
your peace is temporary — my anger is permanent,threat,en,augment_direct,synthetic_llm
mark this day because it's when things changed for you permanently,threat,en,augment_direct,synthetic_llm
i know your routine better than you think and i'm very close,threat,en,augment_direct,synthetic_llm
the trap is already set — you just haven't walked into it yet,threat,en,augment_direct,synthetic_llm
i will dismantle your entire life methodically and with great satisfaction,threat,en,augment_direct,synthetic_llm
the moment you feel safe is the moment you should be most afraid,threat,en,augment_direct,synthetic_llm
i will take from you everything you ever took from me plus interest,threat,en,augment_direct,synthetic_llm
you're operating without information that will be very costly to you,threat,en,augment_direct,synthetic_llm
i've already started — you just can't see the damage yet,threat,en,augment_direct,synthetic_llm
do not mistake my silence for peace — i'm only gathering momentum,threat,en,augment_direct,synthetic_llm
every bridge i burn on the way out will land on you,threat,en,augment_direct,synthetic_llm
i will weaponize every secret you ever trusted me with,threat,en,augment_direct,synthetic_llm
there are people who know your face now who didn't know it before,threat,en,augment_direct,synthetic_llm
i left bread crumbs that lead right back to you — they're being followed,threat,en,augment_direct,synthetic_llm
i will outlast you outlast your patience and then i will collect,threat,en,augment_direct,synthetic_llm
you moved first — i always move last and i always win,threat,en,augment_direct,synthetic_llm
i'm going to dismantle everything you've built without breaking a sweat,threat,en,augment_direct,synthetic_llm
consider yourself warned — this is the only courteous thing i'll do,threat,en,augment_direct,synthetic_llm
i am going to make sure you never forget crossing me,threat,en,augment_direct,synthetic_llm
i'll track every move you make until the right moment presents itself,threat,en,augment_direct,synthetic_llm
you should be more careful about who you make enemies of — lesson incoming,threat,en,augment_direct,synthetic_llm
the quiet you're feeling right now is a gift before the storm hits you,threat,en,augment_direct,synthetic_llm
i have allies in places you depend on — think about that tonight,threat,en,augment_direct,synthetic_llm
you'll feel my presence in every part of your life before i'm done,threat,en,augment_direct,synthetic_llm
i will not announce it when it comes — you'll just suddenly feel it,threat,en,augment_direct,synthetic_llm
i am going to dedicate real time and energy to your suffering,threat,en,augment_direct,synthetic_llm
you are the project now — and i have nothing else to do,threat,en,augment_direct,synthetic_llm
i've never wanted to destroy someone this badly and i intend to see it through,threat,en,augment_direct,synthetic_llm
no courthouse no document no protection will reach you in time,threat,en,augment_direct,synthetic_llm
i will find the thing you care about most and take it,threat,en,augment_direct,synthetic_llm
you should move — far away — before i follow through on this,threat,en,augment_direct,synthetic_llm
i am going to unravel you from the outside in,threat,en,augment_direct,synthetic_llm
i have patience and purpose and you have no idea what that combination means for you,threat,en,augment_direct,synthetic_llm
you'll look back and realize today was the day everything changed for the worse,threat,en,augment_direct,synthetic_llm
i'm going to enjoy every single moment of what comes next for you,threat,en,augment_direct,synthetic_llm
everything you have is temporary now that you've made me your enemy,threat,en,augment_direct,synthetic_llm
the price for what you did is everything — and i'm collecting in full,threat,en,augment_direct,synthetic_llm
